gene,organism,aa_seq_length,nucleotide_seq_length,seq_name,primary_amino_acid_sequence
Thermobifida_LstA,NA,345,1035,Thermobifida_LstA,MPIPRFESLGAYLPENEVSTRDLVSRMDHQPVFDLGAITGIHHRRFAGADEDSFTMALRAARDCLSRSSHPAGELDVVISTSITRFKDRDRFYFEPSFAHMVAREIGATSAVCFDVSNACAGMITGVAVLERMVRAGTARSGMVVSGERISVIAETAVREIDHPHDPQFASLTVGDSAAAVVVDGRGTAEERIDYVELTTSAAHADLCIGMPSDRSQGVALYTDNQSMHATERVALWPTFQRDFLAKRGTSFAEEGYDFVIHHQIGTRLTDKAQRMAARLFNTPMPPSPMVVDRYGNTSSTSHFVVLYEHLRDGSIPPGSKLLLVPAASGIVTGCLAATVSSIGI
Thermobifida_LstB,NA,306,918,Thermobifida_LstB,MGTVIRATAVSTDPAVHSSVDHSALAAEACIERAGITPDQVDLLINTGVYRDRNMSEPAMAALVQQRLGINPDHVRFPTARPALSFDLMNGACGVLDAVRVGADFITTGSAEYVLVVSGDAHPSNDPERARATGFPYATMGAAMLLERSPREDAGFGRVHSSPVSADAAPLVEGYTDSSRMGADGRGTVTVRRAPETADVLADLAAATVRACAEAQRVDLRAALLVASQPHPGFPAEVAARLGLPADAAATATGVDGDPHTSALTLAYHQAAAAGRVGDRPVVFVAVGAGPACSCAVYRPADPAPR
Thermobifida_LstC_option1,NA,581,1743,Thermobifida_LstC_option1,MSGRTAEGVSDRLRAGAHAFPDRKAVVYPVGRDSSGRAVYRHVTYREMDEAADIRAGELRAAGIGAGTTTALMVRPGPELFAVAFGLIRIGAVPVIADPGLGLRRMLRCHRDAGAEAFVGVPAAHLVRLLLGRRAFAALRTRVTVGRRWLWGGPRLRDLAWGTGAATAGIPAEPVREPPLADGDLLAISFTTGSTGPAKGVRHPRGMVEGVTRQLEHVLGQRADDTSLVTVPLWGVLGLLVGSTCVLPPGDPSRVAAIRPEDVVDAIDRFGVTTMFASPALLDRLGAHAARTGRTLEGLRRVNVGGAPVREDIAASMCAALGPEGERRLTVVYGATEALPISAVDAAEARAGAAATRTGGGTCVGRPVPGVRVRVVRITDEPMPRWSADLAAPPHEVGEIVVGGPTVSDRYHAAPEADRAAKIADGPHVWHRTGDLGRLDSRGRIWFYGRKSQRVRTADGTLYTVQCEGVLNAHPDVRRTALVGVGPPGTARPVVCVEPRRGLPVREHARLERELRELAARHAPTRTVRDFLCHRGFPVDVRHNAKIDREALAGWAAVRLAEAERPLRRAAARAARAVPLA
Thermobifida_LstC_option3,NA,650,1950,Thermobifida_LstC_option3,MSGRTAEGVSDRLRAGAHAFPDRKAVVYPVGRDSSGRAVYRHVTYREMDEAADIRAGELRAAGIGAGTTTALMVRPGPELFAVAFGLIRIGAVPVIADPGLGLRRMLRCHRDAGAEAFVGVPAAHLVRLLLGRRAFAALRTRVTVGRRWLWGGPRLRDLAWGTGAATAGIPAEPVREPPLADGDLLAISFTTGSTGPAKGVRHPRGMVEGVTRQLEHVLGQRADDTSLVTVPLWGVLGLLVGSTCVLPPGDPSRVAAIRPEDVVDAIDRFGVTTMFASPALLDRLGAHAARTGRTLEGLRRVNVGGAPVREDIAASMCAALGPEGERRLTVVYGATEALPISAVDAAEARAGAAATRTGGGTCVGRPVPGVRVRVVRITDEPMPRWSADLAAPPHEVGEIVVGGPTVSDRYHAAPEADRAAKIADGPHVWHRTGDLGRLDSRGRIWFYGRKSQRVRTADGTLYTVQCEGVLNAHPDVRRTALVGVGPPGTARPVVCVEPRRGLPVREHARLERELRELAARHAPTRTVRDFLCHRGFPVDVRHNAKIDREALAGWAAVRLAEAERPLRRAAARAARAVPLAGWAFLLHGTVWPPTHPVVQALFWTVAVLNVGVHALQLPAALPRARRAGYGRAAALVRTLLFGATWWRRL
Thermobifida_LstC_option2,NA,566,1698,Thermobifida_LstC_option2,MRAGAHAFPDRKAVVYPVGRDSSGRAVYRHVTYREMDEAADIRAGELRAAGIGAGTTTALMVRPGPELFAVAFGLIRIGAVPVIADPGLGLRRMLRCHRDAGAEAFVGVPAAHLVRLLLGRRAFAALRTRVTVGRRWLWGGPRLRDLAWGTGAATAGIPAEPVREPPLADGDLLAISFTTGSTGPAKGVRHPRGMVEGVTRQLEHVLGQRADDTSLVTVPLWGVLGLLVGSTCVLPPGDPSRVAAIRPEDVVDAIDRFGVTTMFASPALLDRLGAHAARTGRTLEGLRRVNVGGAPVREDIAASMCAALGPEGERRLTVVYGATEALPISAVDAAEARAGXXXXXXTCVGRPVPGVRVRVVRITDEPMPRWSADLAAPPHEVGEIVVGGPTVSDRYHAAPEADRAAKIADGPHVWHRTGDLGRLDSRGRIWFYGRKSQRVRTADGTLYTVQCEGVLNAHPDVRRTALVGVGPPGTARPVVCVEPRRGLPVREHARLERELRELAARHAPTRTVRDFLCHRGFPVDVRHNAKIDREALAGWAAVRLAEAERPLRRAAARAARAVPLA
Thermobifida_LstD,NA,411,1233,Thermobifida_LstD,MGVPAPRNRLAPDPPGGAGSVLDRRGPQRGRARPATARGPAPRPPRRVRPRGGARPHPPVRRDLVEAAVRVLVTGASGFLGSHVAEACLRAGDEVRALVRPTSDPGHLRTLPGVEIVHGDLGDTASLRAAAEGVDVVHHSAARVLDHGSRAQFWDTNVEGTRRLLEAARDGGARRFVFVSSPSAVMDGRDQVDVDESIPYPRRYLNLYSQTKAAAERLVLAADAPGFTTCALRPRAVWGPRDRHGFMPKLLGRLLAGRLPDLSGGRRVTAALCHCANAAHACVLAARADGVGGRAYFVTDAEPVDVWAFMAEVAEMFGAPPPRRRVPPVLRDALVEAVELAWRMPFLAHHHDPPLSRYSVALLTRSSTYDTAAARRDLGYRPLVDRSTGLEGLRSWVEEIGGPGVWTEGAR
Thermobifida_LstE,NA,1006,3018,Thermobifida_LstE,MSTADPREPRYRRRVSPAERLYLAGARPDRPLVIQLVVEGRGGLDPRTLERAVARACAALPGTRLVRRGQWVDSGRTPPVRRVAASATGAVDPNGPDLRRELPPDTGPTCEVLLATDGAGTARAVVFRAFHGVMDGRGVLLWAAGVFRALRGEPVPPAKDTLTDDALAARLGAVGRRPLLGPRWRSPLGGGPRAAGPGVVLRRPVDGRHPGLVARVAAAVAAGHGPSRFMVPVDLRRHAPEAASTGNLALPVFLDGRDGEPWQAWHGRLLRALAERREAVVGRAERALAALPVVGAAALLGLADSAMTRTGRYLSTAIISHLGAVDPADYSGGGFTASAVFSLPVHSPLVPFSVVAVESPGRTELTLACAATAAGPAQALLERIADTLAPDPLRAWAGNRTDRPRRGDATLVGLFAEQVAAAPDAVALTGPDGPTGYAELDSRADAVAAELAARGVGRGDVVGLLADRSVEAVAGLWGILKAGAAYLPLDPRHPDARIGWSLADARAALCLVRRGHAARVPAHTALVLDDLPRAGARPAPADAAGPDDLAYVIYTSGSTGRPKGVQVEHRSVVSYVTWARDRYRVDADTRFALFTSLAFDLTGTALLLPLVCGGSVALVPGEVGPATLRATVEEAGVNALKLTPAHLDLICRLGVRPAGFRVLVVGGEQLRGPVAAGAAEGFGPDCRIVNEYGPTEATIGCVAHDFDPAREGDAPAVPIGAPVGTTRVFLLDAERRPVPAGAEGELYLSGAQLARGYLRRPEEDRERFVRLADGTRAYRTGDLARLRPEGVLEFLGRADEQVKIRGHRVEPGEVAAVLEEHPGIARAHVAARGGPGGRRVLCAYAVPRPGGAAPREEELRAHLAARLPAAMVPAALVCVPDLPRTGNGKIDTAALPDPFTGGRAETAAPSAPPVDGLEAEVAAVWARVLGTGAHGIASEDDFHRLGGDSLSLLEMVAAVAAEVPGAGRAEDVLSGLGETAANPTLADVCRAVRRLGGGSGSGGRES
Thermobifida_LstF,NA,411,1233,Thermobifida_LstF,MGVPAPRNRLAPDPPGGAGSVLDRRGPQRGRARPATARGPAPRPPRRVRPRGGARPHPPVRRDLVEAAVRVLVTGASGFLGSHVAEACLRAGDEVRALVRPTSDPGHLRTLPGVEIVHGDLGDTASLRAAAEGVDVVHHSAARVLDHGSRAQFWDTNVEGTRRLLEAARDGGARRFVFVSSPSAVMDGRDQVDVDESIPYPRRYLNLYSQTKAAAERLVLAADAPGFTTCALRPRAVWGPRDRHGFMPKLLGRLLAGRLPDLSGGRRVTAALCHCANAAHACVLAARADGVGGRAYFVTDAEPVDVWAFMAEVAEMFGAPPPRRRVPPVLRDALVEAVELAWRMPFLAHHHDPPLSRYSVALLTRSSTYDTAAARRDLGYRPLVDRSTGLEGLRSWVEEIGGPGVWTEGAR
Thermobifidia_OleC,NA,585,1755,Thermobifidia_OleC,MSATESPSPASPSALRSMNSATVQLLYSGSRFEMARVDVAGVPTRVWADARPHLRAVLESSLEHGDRPALVFGEERISHAEHFRRAAALARRLVEDYGVARGDRVALAMRNYPEWVTAFFAATSVGAIAVPVNAWLSAPEMEFVLRDSGASVLVADAERLDRLGDVLGRLPLPVIAVRCARPLPEGVRAWEEILGEVADDAALPETDLAPDDPATLFYTSGTTGNPKGALGSHRNMVSNVLSMAFMKARTLLRLGADLDDALALTFDAAPSKVLCALPLFHVTGAQAVMLPTLSAGGALVLMRRWDAETALEVIERERVSGMTGVPTMLTQLFAAPSFARRDLSSLVSLGSGGAPAAPALVERALRGGLRPDATLLGAGYGLTECSATAAVSYGPDYLARPDSVGMPVPVVDVRIVGPDGADLPPGRVGEIWISGPGVVHGYWNRPEETAATFVDGWLRTGDLGRLDDAGFLYVVDRAKDMILRGGENVYCAEVEAALQEHPAVLDAAVVGVPHEELGEEVGAVVRVVAGTPPDAEELRAFLSGRLAAFKIPSRIITTADELPRNAAGKLLKRRMRDEVAWTLAD
